src,flags,runs,times,median_time,compile_cmd,timestamp,program,runtime
sort_big.cpp,-O3 -funroll-loops,7,"[0.00624763, 0.00616667, 0.00556654, 0.00497344, 0.00519983, 0.00560992, 0.00523748]",0.00556654,g++ sort_big.cpp -o a.out -O3 -funroll-loops,2025-11-11T17:48:24.743761Z,sort_big,0.00556654
sort_big.cpp,-O3,7,"[0.00465305, 0.00476075, 0.00639377, 0.0151262, 0.012208, 0.0166004, 0.0145646]",0.012208,g++ sort_big.cpp -o a.out -O3,2025-11-11T17:53:13.019515Z,sort_big,0.012208
sort_big.cpp,-O2,7,"[0.00500643, 0.00525423, 0.00497554, 0.00479598, 0.004838, 0.00489725, 0.00532247]",0.00497554,g++ sort_big.cpp -o a.out -O2,2025-11-11T17:53:22.100637Z,sort_big,0.00497554
sort_big.cpp,-O1,7,"[0.00593595, 0.0095759, 0.00637502, 0.00843526, 0.00563102, 0.00489093, 0.00513375]",0.00593595,g++ sort_big.cpp -o a.out -O1,2025-11-11T17:53:39.618060Z,sort_big,0.00593595
sort_big.cpp,-Ofast,7,"[0.00771452, 0.00694079, 0.00773003, 0.00816485, 0.0054987, 0.00879008, 0.00550535]",0.00771452,g++ sort_big.cpp -o a.out -Ofast,2025-11-11T17:54:29.512176Z,sort_big,0.00771452
sort_big.cpp,-Ofast,7,"[0.00513025, 0.00521739, 0.00554726, 0.00582023, 0.0057019, 0.0104444, 0.00554243]",0.00554726,g++ sort_big.cpp -o a.out -Ofast,2025-11-11T17:54:34.403791Z,sort_big,0.00554726
sort_big.cpp,-Os,7,"[0.00776258, 0.00870852, 0.0055599, 0.00680749, 0.00762051, 0.0101429, 0.00840677]",0.00776258,g++ sort_big.cpp -o a.out -Os,2025-11-11T17:54:47.373019Z,sort_big,0.00776258
sort_big.cpp,-funroll-loops,7,"[0.0185069, 0.0190393, 0.0188913, 0.0172202, 0.0195881, 0.0240437, 0.0297886]",0.0190393,g++ sort_big.cpp -o a.out -funroll-loops,2025-11-11T17:55:15.569348Z,sort_big,0.0190393
sort_big.cpp,-ftree-vectorize,7,"[0.0171546, 0.0171194, 0.0214742, 0.0509325, 0.0294669, 0.0186762, 0.0566608]",0.0214742,g++ sort_big.cpp -o a.out -ftree-vectorize,2025-11-11T17:55:36.632563Z,sort_big,0.0214742
sort_big.cpp,-ffast-math,7,"[0.0775652, 0.0504167, 0.0251162, 0.0248163, 0.0375806, 0.0331699, 0.0279485]",0.0331699,g++ sort_big.cpp -o a.out -ffast-math,2025-11-11T17:56:07.801735Z,sort_big,0.0331699
sort_big.cpp,-march=native,7,"[0.0221302, 0.0401317, 0.0224203, 0.0340025, 0.0239043, 0.0307317, 0.0236097]",0.0239043,g++ sort_big.cpp -o a.out -march=native,2025-11-11T17:56:29.250521Z,sort_big,0.0239043
sort_big.cpp,-flto,7,"[0.0196408, 0.0194471, 0.0204526, 0.0196456, 0.0182331, 0.0267214, 0.0215497]",0.0196456,g++ sort_big.cpp -o a.out -flto,2025-11-11T17:56:40.899128Z,sort_big,0.0196456
sort_big.cpp,-fomit-frame-pointer,7,"[0.043533, 0.073022, 0.0390844, 0.0251361, 0.0233973, 0.0249975, 0.02125]",0.0251361,g++ sort_big.cpp -o a.out -fomit-frame-pointer,2025-11-11T17:56:56.240194Z,sort_big,0.0251361
sort_big.cpp,-O1 -funroll-loops,7,"[0.00548489, 0.00580337, 0.00587709, 0.00505769, 0.00594759, 0.00648418, 0.00682249]",0.00587709,g++ sort_big.cpp -o a.out -O1 -funroll-loops,2025-11-11T17:57:39.328073Z,sort_big,0.00587709
sort_big.cpp,-O1 -ftree-vectorize,7,"[0.00718639, 0.00609702, 0.0104279, 0.00876315, 0.00598645, 0.00922818, 0.00537236]",0.00718639,g++ sort_big.cpp -o a.out -O1 -ftree-vectorize,2025-11-11T17:57:56.120051Z,sort_big,0.00718639
sort_big.cpp,-O1 -ffast-math,7,"[0.00791447, 0.00725984, 0.00613543, 0.00721152, 0.00570261, 0.00720261, 0.00622514]",0.00720261,g++ sort_big.cpp -o a.out -O1 -ffast-math,2025-11-11T17:58:10.186352Z,sort_big,0.00720261
sort_big.cpp,-O2 -funroll-loops,7,"[0.0055267, 0.0056769, 0.0074222, 0.00644584, 0.00696596, 0.00508311, 0.00503283]",0.0056769,g++ sort_big.cpp -o a.out -O2 -funroll-loops,2025-11-11T17:58:31.636631Z,sort_big,0.0056769
sort_big.cpp,-O2 -ftree-vectorize,7,"[0.00700099, 0.00501636, 0.00486036, 0.00510655, 0.00482123, 0.00508504, 0.00500249]",0.00501636,g++ sort_big.cpp -o a.out -O2 -ftree-vectorize,2025-11-11T17:58:46.480740Z,sort_big,0.00501636
sort_big.cpp,-O3 -ftree-vectorize,7,"[0.00534099, 0.00500487, 0.00487332, 0.00683422, 0.00509829, 0.00586153, 0.00502862]",0.00509829,g++ sort_big.cpp -o a.out -O3 -ftree-vectorize,2025-11-11T17:58:55.046436Z,sort_big,0.00509829
sort_big.cpp,-O2 -ffast-math,7,"[0.00502705, 0.00483242, 0.00496697, 0.00484074, 0.00489099, 0.00489989, 0.00482932]",0.00489099,g++ sort_big.cpp -o a.out -O2 -ffast-math,2025-11-11T17:59:10.161613Z,sort_big,0.00489099
sort_big.cpp,-O3 -funroll-loops,7,"[0.00495928, 0.00494909, 0.00628025, 0.00502046, 0.00532455, 0.00566173, 0.0052319]",0.0052319,g++ sort_big.cpp -o a.out -O3 -funroll-loops,2025-11-11T17:59:32.296315Z,sort_big,0.0052319
sort_big.cpp,-O3 -ffast-math,7,"[0.00530045, 0.00497037, 0.00484219, 0.00503426, 0.00492573, 0.00497181, 0.00546048]",0.00497181,g++ sort_big.cpp -o a.out -O3 -ffast-math,2025-11-11T17:59:41.886931Z,sort_big,0.00497181
matmul.cpp,-O3,7,"[0.0545069, 0.069582, 0.0553106, 0.054548, 0.0443042, 0.0431043, 0.0489025]",0.0545069,g++ matmul.cpp -o a.out -O3,2025-11-11T18:15:04.195884Z,matmul,0.0545069
matmul.cpp,-O2,7,"[0.0830198, 0.081138, 0.0829303, 0.0756853, 0.0699276, 0.0802939, 0.0801121]",0.0802939,g++ matmul.cpp -o a.out -O2,2025-11-11T18:15:14.941811Z,matmul,0.0802939
matmul.cpp,-O1,7,"[0.0944607, 0.0858245, 0.0807905, 0.0892428, 0.0794562, 0.0752861, 0.0751944]",0.0807905,g++ matmul.cpp -o a.out -O1,2025-11-11T18:15:43.736704Z,matmul,0.0807905
matmul.cpp,-Ofast,7,"[0.0461319, 0.0396597, 0.0411929, 0.0403961, 0.0405747, 0.0394457, 0.0397234]",0.0403961,g++ matmul.cpp -o a.out -Ofast,2025-11-11T18:16:22.677465Z,matmul,0.0403961
matmul.cpp,-Os,7,"[0.103979, 0.129883, 0.116944, 0.100224, 0.102637, 0.10808, 0.0881241]",0.103979,g++ matmul.cpp -o a.out -Os,2025-11-11T18:16:34.065384Z,matmul,0.103979
matmul.cpp,-funroll-loops,7,"[0.513341, 0.541868, 0.498861, 0.488634, 0.594328, 0.567063, 0.575134]",0.541868,g++ matmul.cpp -o a.out -funroll-loops,2025-11-11T18:16:51.759511Z,matmul,0.541868
matmul.cpp,-ftree-vectorize,7,"[0.536047, 0.610725, 0.536855, 0.492252, 0.497047, 0.489429, 0.495837]",0.497047,g++ matmul.cpp -o a.out -ftree-vectorize,2025-11-11T18:17:17.610064Z,matmul,0.497047
matmul.cpp,-ffast-math,7,"[0.496367, 0.49679, 0.501378, 0.491706, 0.501924, 0.506076, 0.505498]",0.501378,g++ matmul.cpp -o a.out -ffast-math,2025-11-11T18:17:46.971199Z,matmul,0.501378
matmul.cpp,-march=native,7,"[0.557509, 0.538364, 0.494087, 0.500656, 0.49162, 0.495193]",0.4979245,g++ matmul.cpp -o a.out -march=native,2025-11-11T18:18:02.556972Z,matmul,0.4979245
matmul.cpp,-flto,7,"[0.489055, 0.486211, 0.49606, 0.491344, 0.489243, 0.490569, 0.494118]",0.490569,g++ matmul.cpp -o a.out -flto,2025-11-11T18:18:31.297715Z,matmul,0.490569
matmul.cpp,-fomit-frame-pointer,7,"[0.541787, 0.468201, 0.452101, 0.443681, 0.443788, 0.446479, 0.447196]",0.447196,g++ matmul.cpp -o a.out -fomit-frame-pointer,2025-11-11T18:18:50.276994Z,matmul,0.447196
matmul.cpp,-O1 -funroll-loops,7,"[0.0754201, 0.0723026, 0.0717491, 0.0723646, 0.0728052, 0.0636596, 0.0703213]",0.0723026,g++ matmul.cpp -o a.out -O1 -funroll-loops,2025-11-11T18:19:24.480619Z,matmul,0.0723026
matmul.cpp,-O1 -ftree-vectorize,7,"[0.09031, 0.0553676, 0.0581192, 0.0634344, 0.0627858, 0.064377, 0.0623921]",0.0627858,g++ matmul.cpp -o a.out -O1 -ftree-vectorize,2025-11-11T18:19:40.418322Z,matmul,0.0627858
matmul.cpp,-O1 -ffast-math,7,"[0.0995169, 0.120047, 0.112645, 0.112089, 0.122696, 0.153252, 0.0846349]",0.112645,g++ matmul.cpp -o a.out -O1 -ffast-math,2025-11-11T18:20:07.466000Z,matmul,0.112645
matmul.cpp,-O2 -funroll-loops,7,"[0.0750045, 0.0739667, 0.0745996, 0.0721919, 0.073891, 0.0738733, 0.0768389]",0.0739667,g++ matmul.cpp -o a.out -O2 -funroll-loops,2025-11-11T18:20:20.449494Z,matmul,0.0739667
matmul.cpp,-O2 -ftree-vectorize,7,"[0.0550618, 0.0551193, 0.0550276, 0.0565793, 0.052659, 0.0516234, 0.0559945]",0.0550618,g++ matmul.cpp -o a.out -O2 -ftree-vectorize,2025-11-11T18:20:31.304155Z,matmul,0.0550618
matmul.cpp,-O2 -ffast-math,7,"[0.0827153, 0.0825644, 0.0812883, 0.082211, 0.0802463, 0.0830849, 0.0830088]",0.0825644,g++ matmul.cpp -o a.out -O2 -ffast-math,2025-11-11T18:20:38.919343Z,matmul,0.0825644
matmul.cpp,-O3 -funroll-loops,7,"[0.0424145, 0.0406167, 0.0392498, 0.0378803, 0.0389663, 0.0386296, 0.0391835]",0.0391835,g++ matmul.cpp -o a.out -O3 -funroll-loops,2025-11-11T18:21:04.502382Z,matmul,0.0391835
matmul.cpp,-O3 -ftree-vectorize,7,"[0.0551019, 0.0395125, 0.0404402, 0.0398378, 0.0405329, 0.0397425, 0.0405837]",0.0404402,g++ matmul.cpp -o a.out -O3 -ftree-vectorize,2025-11-11T18:21:31.667015Z,matmul,0.0404402
matmul.cpp,-O3 -ffast-math,7,"[0.0444158, 0.0385704, 0.041439, 0.0410924, 0.0420575, 0.041443, 0.0402635]",0.041439,g++ matmul.cpp -o a.out -O3 -ffast-math,2025-11-11T18:21:37.861937Z,matmul,0.041439
matmul.cpp,-Ofast -ffast-math,7,"[0.041188, 0.0395376, 0.039612, 0.0378028, 0.0403102, 0.0401866, 0.0411445]",0.0401866,g++ matmul.cpp -o a.out -Ofast -ffast-math,2025-11-11T18:22:28.830435Z,matmul,0.0401866
matmul.cpp,-Os -ffast-math,7,"[0.085399, 0.0903014, 0.0925302, 0.0857666, 0.0898833, 0.0934815, 0.0906054]",0.0903014,g++ matmul.cpp -o a.out -Os -ffast-math,2025-11-11T18:22:36.220845Z,matmul,0.0903014
pointer_chase.cpp,-O1,7,"[0.30665, 0.306844, 0.253795, 0.264865, 0.265405, 0.252798, 0.251206]",0.264865,g++ pointer_chase.cpp -o a.out -O1,2025-11-12T14:00:55.555820Z,pointer_chase,0.264865
pointer_chase.cpp,-O2,7,"[0.258111, 0.251396, 0.25911, 0.261667, 0.253737, 0.262785, 0.275581]",0.25911,g++ pointer_chase.cpp -o a.out -O2,2025-11-12T14:01:03.481382Z,pointer_chase,0.25911
pointer_chase.cpp,-O3,7,"[0.245858, 0.244184, 0.33355, 0.240259, 0.26119, 0.251869, 0.240945]",0.245858,g++ pointer_chase.cpp -o a.out -O3,2025-11-12T14:01:14.751780Z,pointer_chase,0.245858
pointer_chase.cpp,-Ofast,7,"[0.252878, 0.238779, 0.236751, 0.264587, 0.269258, 0.272869]",0.25873250000000003,g++ pointer_chase.cpp -o a.out -Ofast,2025-11-12T14:01:24.337310Z,pointer_chase,0.25873250000000003
pointer_chase.cpp,-Os,7,"[0.270661, 0.25344, 0.268773, 0.272739, 0.265376, 0.279495, 0.265722]",0.268773,g++ pointer_chase.cpp -o a.out -Os,2025-11-12T14:01:34.850941Z,pointer_chase,0.268773
pointer_chase.cpp,-funroll-loops,7,"[0.332808, 0.276888, 0.274063, 0.274407, 0.277365, 0.280877, 0.289478]",0.277365,g++ pointer_chase.cpp -o a.out -funroll-loops,2025-11-12T14:02:03.003984Z,pointer_chase,0.277365
pointer_chase.cpp,-ftree-vectorize,7,"[0.371497, 0.389423, 0.396, 0.322165, 0.303384, 0.312351, 0.327739]",0.327739,g++ pointer_chase.cpp -o a.out -ftree-vectorize,2025-11-12T14:02:31.557508Z,pointer_chase,0.327739
pointer_chase.cpp,-march=native,7,"[0.323559, 0.307957, 0.294208, 0.304455, 0.310675, 0.359061, 0.303951]",0.307957,g++ pointer_chase.cpp -o a.out -march=native,2025-11-12T14:04:31.444705Z,pointer_chase,0.307957
pointer_chase.cpp,-flto,7,"[0.30346, 0.289155, 0.267482, 0.303183, 0.272468, 0.279796, 0.291023]",0.289155,g++ pointer_chase.cpp -o a.out -flto,2025-11-12T14:05:03.684364Z,pointer_chase,0.289155
pointer_chase.cpp,-fomit-frame-pointer,7,"[0.289694, 0.274779, 0.29658, 0.26166, 0.276475, 0.28999, 0.264442]",0.276475,g++ pointer_chase.cpp -o a.out -fomit-frame-pointer,2025-11-12T14:05:26.207778Z,pointer_chase,0.276475
pointer_chase.cpp,-O1 -funroll-loops,7,"[0.250512, 0.24388, 0.242598, 0.24664, 0.24581, 0.3681, 0.348525]",0.24664,g++ pointer_chase.cpp -o a.out -O1 -funroll-loops,2025-11-12T14:05:55.295526Z,pointer_chase,0.24664
pointer_chase.cpp,-O1 -ftree-vectorize,7,"[0.253245, 0.258078, 0.251645, 0.242972, 0.252685, 0.258163, 0.252074]",0.252685,g++ pointer_chase.cpp -o a.out -O1 -ftree-vectorize,2025-11-12T14:06:12.822843Z,pointer_chase,0.252685
pointer_chase.cpp,-O1 -ffast-math,7,"[0.276169, 0.262072, 0.27806, 0.272486, 0.2864, 0.270071]",0.2743275,g++ pointer_chase.cpp -o a.out -O1 -ffast-math,2025-11-12T14:06:26.987885Z,pointer_chase,0.2743275
pointer_chase.cpp,-O2 -funroll-loops,7,"[0.256945, 0.23841, 0.330166, 0.230651, 0.217531, 0.224449, 0.208418]",0.230651,g++ pointer_chase.cpp -o a.out -O2 -funroll-loops,2025-11-12T14:07:05.681682Z,pointer_chase,0.230651
pointer_chase.cpp,-O2 -ftree-vectorize,7,"[0.237433, 0.2358, 0.226808, 0.258493, 0.278594, 0.260284, 0.216031]",0.237433,g++ pointer_chase.cpp -o a.out -O2 -ftree-vectorize,2025-11-12T14:07:17.237066Z,pointer_chase,0.237433
pointer_chase.cpp,-O2 -ffast-math,7,"[0.286663, 0.27128, 0.264444, 0.28281, 0.319604, 0.248014, 0.284279]",0.28281,g++ pointer_chase.cpp -o a.out -O2 -ffast-math,2025-11-12T14:07:47.812127Z,pointer_chase,0.28281
pointer_chase.cpp,-O3 -funroll-loops,7,"[0.325396, 0.323217, 0.321575, 0.318776, 0.324302, 0.310285, 0.312534]",0.321575,g++ pointer_chase.cpp -o a.out -O3 -funroll-loops,2025-11-12T14:08:07.907912Z,pointer_chase,0.321575
pointer_chase.cpp,-O3 -ftree-vectorize,7,"[0.327739, 0.308325, 0.333554, 0.315735, 0.319354, 0.29863, 0.308597]",0.315735,g++ pointer_chase.cpp -o a.out -O3 -ftree-vectorize,2025-11-12T14:08:20.766903Z,pointer_chase,0.315735
pointer_chase.cpp,-O3 -ffast-math,7,"[0.320682, 0.310562, 0.330137, 0.310287, 0.34657, 0.323571, 0.323398]",0.323398,g++ pointer_chase.cpp -o a.out -O3 -ffast-math,2025-11-12T14:08:31.642664Z,pointer_chase,0.323398
string_parse.cpp,-O1,7,"[0.103318, 0.117099, 0.13599, 0.0936536, 0.103074, 0.105991, 0.100867]",0.103318,g++ string_parse.cpp -o a.out -O1,2025-11-12T14:24:47.390556Z,string_parse,0.103318
string_parse.cpp,-O2,7,"[0.0978383, 0.101235, 0.113732, 0.0930517, 0.0929613, 0.096022, 0.102142]",0.0978383,g++ string_parse.cpp -o a.out -O2,2025-11-12T14:24:49.965619Z,string_parse,0.0978383
string_parse.cpp,-O3,7,"[0.124536, 0.0928617, 0.100422, 0.0923394, 0.0931094, 0.0964795, 0.0931085]",0.0931094,g++ string_parse.cpp -o a.out -O3,2025-11-12T14:24:52.423946Z,string_parse,0.0931094
string_parse.cpp,-Ofast,7,"[0.100685, 0.0918297, 0.094842, 0.0930497, 0.09265, 0.0922329, 0.0949029]",0.0930497,g++ string_parse.cpp -o a.out -Ofast,2025-11-12T14:24:54.816556Z,string_parse,0.0930497
string_parse.cpp,-Os,7,"[0.124483, 0.124801, 0.184253, 0.126676, 0.116009, 0.128921, 0.126579]",0.126579,g++ string_parse.cpp -o a.out -Os,2025-11-12T14:24:55.598933Z,string_parse,0.126579
string_parse.cpp,-funroll-loops,7,"[0.239869, 0.243171, 0.234736, 0.245243, 0.240159, 0.227388, 0.273103]",0.240159,g++ string_parse.cpp -o a.out -funroll-loops,2025-11-12T14:25:01.338773Z,string_parse,0.240159
string_parse.cpp,-ftree-vectorize,7,"[0.242705, 0.237027, 0.219113, 0.219812, 0.236906, 0.219457, 0.228097]",0.228097,g++ string_parse.cpp -o a.out -ftree-vectorize,2025-11-12T14:25:06.747834Z,string_parse,0.228097
string_parse.cpp,-ffast-math,7,"[0.221724, 0.240776, 0.239678, 0.228994, 0.230705, 0.247453, 0.234592]",0.234592,g++ string_parse.cpp -o a.out -ffast-math,2025-11-12T14:25:12.391748Z,string_parse,0.234592
string_parse.cpp,-march=native,7,"[0.254231, 0.208446, 0.220652, 0.241272, 0.232393, 0.224561, 0.292059]",0.232393,g++ string_parse.cpp -o a.out -march=native,2025-11-12T14:25:17.939609Z,string_parse,0.232393
string_parse.cpp,-flto,7,"[0.221893, 0.23952, 0.23584, 0.236035, 0.242658, 0.247052, 0.226477]",0.236035,g++ string_parse.cpp -o a.out -flto,2025-11-12T14:25:23.594983Z,string_parse,0.236035
string_parse.cpp,-fomit-frame-pointer,7,"[0.237283, 0.207329, 0.215547, 0.233465, 0.264027, 0.211974, 0.233028]",0.233028,g++ string_parse.cpp -o a.out -fomit-frame-pointer,2025-11-12T14:25:25.925167Z,string_parse,0.233028
string_parse.cpp,-O1 -funroll-loops,7,"[0.0993552, 0.108335, 0.125858, 0.116474, 0.0968616, 0.207072, 0.0980251]",0.108335,g++ string_parse.cpp -o a.out -O1 -funroll-loops,2025-11-12T14:25:28.614883Z,string_parse,0.108335
string_parse.cpp,-O1 -ftree-vectorize,7,"[0.135838, 0.0942317, 0.0925372, 0.0944745, 0.0881168, 0.140214, 0.132751]",0.0944745,g++ string_parse.cpp -o a.out -O1 -ftree-vectorize,2025-11-12T14:25:31.173008Z,string_parse,0.0944745
string_parse.cpp,-O1 -ffast-math,7,"[0.107804, 0.0959455, 0.104481, 0.10705, 0.0936197, 0.0884475, 0.110421]",0.104481,g++ string_parse.cpp -o a.out -O1 -ffast-math,2025-11-12T14:25:33.736375Z,string_parse,0.104481
string_parse.cpp,-O2 -funroll-loops,7,"[0.101182, 0.0958474, 0.104314, 0.0970503, 0.0962581, 0.120628, 0.101588]",0.101182,g++ string_parse.cpp -o a.out -O2 -funroll-loops,2025-11-12T14:25:36.351828Z,string_parse,0.101182
string_parse.cpp,-O2 -ftree-vectorize,7,"[0.0903807, 0.112473, 0.0970064, 0.0955722, 0.0956096, 0.102248, 0.0910697]",0.0956096,g++ string_parse.cpp -o a.out -O2 -ftree-vectorize,2025-11-12T14:25:38.745092Z,string_parse,0.0956096
string_parse.cpp,-O2 -ffast-math,7,"[0.0994527, 0.0939333, 0.220765, 0.11294, 0.0930726, 0.0968435, 0.0945029]",0.0968435,g++ string_parse.cpp -o a.out -O2 -ffast-math,2025-11-12T14:25:41.307345Z,string_parse,0.0968435
string_parse.cpp,-O3 -funroll-loops,7,"[0.115317, 0.119065, 0.104334, 0.101786, 0.0989787, 0.103227, 0.108513]",0.104334,g++ string_parse.cpp -o a.out -O3 -funroll-loops,2025-11-12T14:25:43.756336Z,string_parse,0.104334
string_parse.cpp,-O3 -ftree-vectorize,7,"[0.0982083, 0.0963644, 0.0939186, 0.0947755, 0.0897206, 0.0941961, 0.0935507]",0.0941961,g++ string_parse.cpp -o a.out -O3 -ftree-vectorize,2025-11-12T14:25:46.190608Z,string_parse,0.0941961
string_parse.cpp,-O3 -ffast-math,7,"[0.0977448, 0.0917777, 0.0987917, 0.0973171, 0.0931798, 0.0932949, 0.0968449]",0.0968449,g++ string_parse.cpp -o a.out -O3 -ffast-math,2025-11-12T14:25:48.582779Z,string_parse,0.0968449
convolution.cpp,-O1,7,"[0.0255461, 0.0223342, 0.0227248, 0.0214236, 0.0233707, 0.0218529, 0.0265823]",0.0227248,g++ convolution.cpp -o a.out -O1,2025-11-12T14:29:34.822992Z,convolution,0.0227248
convolution.cpp,-O2,7,"[0.0212552, 0.0226628, 0.0213234, 0.0213719, 0.020407, 0.0235443, 0.0206639]",0.0213234,g++ convolution.cpp -o a.out -O2,2025-11-12T14:29:35.774220Z,convolution,0.0213234
convolution.cpp,-O3,7,"[0.00288782, 0.00318878, 0.00292767, 0.00302311, 0.00247731, 0.00284519, 0.00332761]",0.00292767,g++ convolution.cpp -o a.out -O3,2025-11-12T14:29:36.636205Z,convolution,0.00292767
convolution.cpp,-Ofast,7,"[0.00438242, 0.00246894, 0.00235841, 0.00260468, 0.0023243, 0.00261605, 0.00285699]",0.00260468,g++ convolution.cpp -o a.out -Ofast,2025-11-12T14:29:37.478687Z,convolution,0.00260468
convolution.cpp,-Os,7,"[0.0236315, 0.0305981, 0.0309197, 0.0201755, 0.037545, 0.0253953, 0.0294481]",0.0294481,g++ convolution.cpp -o a.out -Os,2025-11-12T14:29:38.490787Z,convolution,0.0294481
convolution.cpp,-funroll-loops,7,"[0.161178, 0.173806, 0.156268, 0.153773, 0.162386, 0.159115, 0.165674]",0.161178,g++ convolution.cpp -o a.out -funroll-loops,2025-11-12T14:29:40.397724Z,convolution,0.161178
convolution.cpp,-ftree-vectorize,7,"[0.166153, 0.162982, 0.159137, 0.181135, 0.156411, 0.163722, 0.166155]",0.163722,g++ convolution.cpp -o a.out -ftree-vectorize,2025-11-12T14:29:42.349103Z,convolution,0.163722
convolution.cpp,-ffast-math,7,"[0.155217, 0.186734, 0.16396, 0.164614, 0.165952, 0.15709, 0.155362]",0.16396,g++ convolution.cpp -o a.out -ffast-math,2025-11-12T14:29:44.435237Z,convolution,0.16396
convolution.cpp,-march=native,7,"[0.159886, 0.167906, 0.155502, 0.155438, 0.165475, 0.155631, 0.154925]",0.155631,g++ convolution.cpp -o a.out -march=native,2025-11-12T14:29:46.363059Z,convolution,0.155631
convolution.cpp,-flto,7,"[0.1558, 0.191659, 0.183768, 0.154354, 0.257071, 0.146055, 0.155111]",0.1558,g++ convolution.cpp -o a.out -flto,2025-11-12T14:29:48.488093Z,convolution,0.1558
convolution.cpp,-fomit-frame-pointer,7,"[0.145087, 0.149196, 0.145266, 0.139615, 0.153935, 0.148733, 0.142496]",0.145266,g++ convolution.cpp -o a.out -fomit-frame-pointer,2025-11-12T14:29:50.259217Z,convolution,0.145266
convolution.cpp,-O1 -funroll-loops,7,"[0.00892416, 0.0100051, 0.00977173, 0.00887204, 0.00803224, 0.00830075, 0.00782545]",0.00887204,g++ convolution.cpp -o a.out -O1 -funroll-loops,2025-11-12T14:29:51.087911Z,convolution,0.00887204
convolution.cpp,-O1 -ftree-vectorize,7,"[0.01314, 0.0140704, 0.0141267, 0.0142008, 0.0120044, 0.0120684, 0.0122767]",0.01314,g++ convolution.cpp -o a.out -O1 -ftree-vectorize,2025-11-12T14:29:51.899882Z,convolution,0.01314
convolution.cpp,-O1 -ffast-math,7,"[0.0279087, 0.0234095, 0.0208988, 0.0193118, 0.0237777, 0.0229992, 0.0200569]",0.0229992,g++ convolution.cpp -o a.out -O1 -ffast-math,2025-11-12T14:29:52.837948Z,convolution,0.0229992
convolution.cpp,-O2 -funroll-loops,7,"[0.00847161, 0.00968398, 0.00797602, 0.0078286, 0.00794819, 0.00778548, 0.00845824]",0.00797602,g++ convolution.cpp -o a.out -O2 -funroll-loops,2025-11-12T14:29:53.695602Z,convolution,0.00797602
convolution.cpp,-O2 -ftree-vectorize,7,"[0.0152812, 0.0134012, 0.0154477, 0.0137412, 0.0140358, 0.015318, 0.0135837]",0.0140358,g++ convolution.cpp -o a.out -O2 -ftree-vectorize,2025-11-12T14:29:54.619302Z,convolution,0.0140358
convolution.cpp,-O2 -ffast-math,7,"[0.020573, 0.0231323, 0.0230028, 0.0211739, 0.0247873, 0.0190379, 0.021667]",0.021667,g++ convolution.cpp -o a.out -O2 -ffast-math,2025-11-12T14:29:52.586883Z,convolution,0.021667
convolution.cpp,-O3 -funroll-loops,7,"[0.00422977, 0.00266584, 0.00311052, 0.00260476, 0.00256973, 0.00331037, 0.00336549]",0.00311052,g++ convolution.cpp -o a.out -O3 -funroll-loops,2025-11-12T14:29:53.412293Z,convolution,0.00311052
convolution.cpp,-O3 -ftree-vectorize,7,"[0.00323864, 0.003566, 0.00299109, 0.00283372, 0.00244484, 0.00288049, 0.00255223]",0.00288049,g++ convolution.cpp -o a.out -O3 -ftree-vectorize,2025-11-12T14:29:54.331137Z,convolution,0.00288049
convolution.cpp,-O3 -ffast-math,7,"[0.00301755, 0.0024499, 0.00261998, 0.00263301, 0.00248722, 0.00277896, 0.00263422]",0.00263301,g++ convolution.cpp -o a.out -O3 -ffast-math,2025-11-12T14:29:55.117478Z,convolution,0.00263301
test_prog/sieve_primes.cpp,-O1,7,"[0.00806819, 0.00997019, 0.00774638, 0.0063911, 0.00699761, 0.00755725, 0.00725955]",0.00755725,g++ test_prog/sieve_primes.cpp -o a.out -O1,2025-11-19T19:07:35.357704Z,test_prog/sieve_primes,0.00755725
test_prog/sieve_primes.cpp,-O2,7,"[0.00895153, 0.00961697, 0.00860223, 0.00846415, 0.00871324, 0.00982643, 0.0107567]",0.00895153,g++ test_prog/sieve_primes.cpp -o a.out -O2,2025-11-19T19:07:37.509116Z,test_prog/sieve_primes,0.00895153
test_prog/sieve_primes.cpp,-O3,7,"[0.0069576, 0.0113954, 0.00698922, 0.00693512, 0.00948048, 0.00864769, 0.00864308]",0.00864308,g++ test_prog/sieve_primes.cpp -o a.out -O3,2025-11-19T19:07:39.482390Z,test_prog/sieve_primes,0.00864308
test_prog/sieve_primes.cpp,-Ofast,7,"[0.00858354, 0.00843744, 0.00843016, 0.00764904, 0.00757513, 0.00807408, 0.00701152]",0.00807408,g++ test_prog/sieve_primes.cpp -o a.out -Ofast,2025-11-19T19:07:41.444643Z,test_prog/sieve_primes,0.00807408
test_prog/sieve_primes.cpp,-Os,7,"[0.0293, 0.0273832, 0.0280931, 0.0311565, 0.0364255, 0.0264554, 0.0277964]",0.0280931,g++ test_prog/sieve_primes.cpp -o a.out -Os,2025-11-19T19:07:43.502967Z,test_prog/sieve_primes,0.0280931
test_prog/sieve_primes.cpp,-funroll-loops,7,"[0.131749, 0.125774, 0.130327, 0.131685, 0.137382, 0.126233, 0.148197]",0.131685,g++ test_prog/sieve_primes.cpp -o a.out -funroll-loops,2025-11-19T19:07:46.557548Z,test_prog/sieve_primes,0.131685
test_prog/sieve_primes.cpp,-ftree-vectorize,7,"[0.127954, 0.133296, 0.137605, 0.123067, 0.130018, 0.128357, 0.123545]",0.128357,g++ test_prog/sieve_primes.cpp -o a.out -ftree-vectorize,2025-11-19T19:07:49.528191Z,test_prog/sieve_primes,0.128357
test_prog/sieve_primes.cpp,-ffast-math,7,"[0.119487, 0.11527, 0.120411, 0.118784, 0.116981, 0.116672, 0.114369]",0.116981,g++ test_prog/sieve_primes.cpp -o a.out -ffast-math,2025-11-19T19:07:52.367583Z,test_prog/sieve_primes,0.116981
test_prog/sieve_primes.cpp,-march=native,7,"[0.131725, 0.124049, 0.135982, 0.126483, 0.134736, 0.123484, 0.128127]",0.128127,g++ test_prog/sieve_primes.cpp -o a.out -march=native,2025-11-19T19:07:55.299609Z,test_prog/sieve_primes,0.128127
test_prog/sieve_primes.cpp,-flto,7,"[0.124173, 0.124536, 0.136699, 0.124949, 0.13673, 0.122387, 0.139769]",0.124949,g++ test_prog/sieve_primes.cpp -o a.out -flto,2025-11-19T19:07:56.242940Z,test_prog/sieve_primes,0.124949
test_prog/sieve_primes.cpp,-fomit-frame-pointer,7,"[0.100174, 0.0933112, 0.102447, 0.104815, 0.125817, 0.0998984, 0.0917081]",0.100174,g++ test_prog/sieve_primes.cpp -o a.out -fomit-frame-pointer,2025-11-19T19:07:58.921232Z,test_prog/sieve_primes,0.100174
test_prog/sieve_primes.cpp,-O1 -funroll-loops,7,"[0.00767637, 0.0109588, 0.00837577, 0.00865066, 0.00785643, 0.00644845, 0.0109552]",0.00837577,g++ test_prog/sieve_primes.cpp -o a.out -O1 -funroll-loops,2025-11-19T19:08:00.799535Z,test_prog/sieve_primes,0.00837577
test_prog/sieve_primes.cpp,-O1 -ftree-vectorize,7,"[0.00697779, 0.0076712, 0.00703488, 0.00936523, 0.00984935, 0.00778585, 0.00694727]",0.0076712,g++ test_prog/sieve_primes.cpp -o a.out -O1 -ftree-vectorize,2025-11-19T19:08:02.603475Z,test_prog/sieve_primes,0.0076712
test_prog/sieve_primes.cpp,-O1 -ffast-math,7,"[0.00705204, 0.00698065, 0.00693601, 0.00684506, 0.00929229, 0.00934747, 0.00697891]",0.00698065,g++ test_prog/sieve_primes.cpp -o a.out -O1 -ffast-math,2025-11-19T19:08:04.401678Z,test_prog/sieve_primes,0.00698065
test_prog/sieve_primes.cpp,-O2 -funroll-loops,7,"[0.00835779, 0.0085033, 0.00690193, 0.00861757, 0.0079681, 0.0068493, 0.00694128]",0.0079681,g++ test_prog/sieve_primes.cpp -o a.out -O2 -funroll-loops,2025-11-19T19:08:06.152275Z,test_prog/sieve_primes,0.0079681
test_prog/sieve_primes.cpp,-O2 -ftree-vectorize,7,"[0.00716033, 0.00802547, 0.00833395, 0.00874774, 0.00731324, 0.00826325, 0.00734338]",0.00802547,g++ test_prog/sieve_primes.cpp -o a.out -O2 -ftree-vectorize,2025-11-19T19:08:07.855395Z,test_prog/sieve_primes,0.00802547
test_prog/sieve_primes.cpp,-O2 -ffast-math,7,"[0.00782382, 0.00826803, 0.00689981, 0.00751228, 0.00732756, 0.0084388, 0.00687458]",0.00751228,g++ test_prog/sieve_primes.cpp -o a.out -O2 -ffast-math,2025-11-19T19:08:09.607815Z,test_prog/sieve_primes,0.00751228
test_prog/sieve_primes.cpp,-O3 -funroll-loops,7,"[0.00696374, 0.0081752, 0.00691631, 0.0083886, 0.00721611, 0.007336, 0.00739433]",0.007336,g++ test_prog/sieve_primes.cpp -o a.out -O3 -funroll-loops,2025-11-19T19:08:11.472246Z,test_prog/sieve_primes,0.007336
test_prog/sieve_primes.cpp,-O3 -ftree-vectorize,7,"[0.00694333, 0.00778864, 0.00701776, 0.00686828, 0.00683977, 0.00683543, 0.00777202]",0.00694333,g++ test_prog/sieve_primes.cpp -o a.out -O3 -ftree-vectorize,2025-11-19T19:08:13.088030Z,test_prog/sieve_primes,0.00694333
test_prog/sieve_primes.cpp,-O3 -ffast-math,7,"[0.00896921, 0.00961699, 0.00922418, 0.00900666, 0.00738325, 0.00748709, 0.00777347]",0.00896921,g++ test_prog/sieve_primes.cpp -o a.out -O3 -ffast-math,2025-11-19T19:08:14.931461Z,test_prog/sieve_primes,0.00896921
test_prog/transpose.cpp,-O1,7,"[0.00918137, 0.00746798, 0.00766773, 0.00735017, 0.0072197, 0.00744664, 0.00927847]",0.00746798,g++ test_prog/transpose.cpp -o a.out -O1,2025-11-19T19:46:45.628703Z,test_prog/transpose,0.00746798
test_prog/transpose.cpp,-O2,7,"[0.00883708, 0.0076549, 0.00708091, 0.00818844, 0.00735943, 0.00779414, 0.00692744]",0.0076549,g++ test_prog/transpose.cpp -o a.out -O2,2025-11-19T19:46:47.719389Z,test_prog/transpose,0.0076549
test_prog/transpose.cpp,-O3,7,"[0.00832296, 0.00724895, 0.00951256, 0.00778054, 0.00754783, 0.00805044, 0.00922058]",0.00805044,g++ test_prog/transpose.cpp -o a.out -O3,2025-11-19T19:46:49.592253Z,test_prog/transpose,0.00805044
test_prog/transpose.cpp,-Ofast,7,"[0.00793599, 0.00733216, 0.00712075, 0.00801306, 0.00787856, 0.00782266, 0.00734152]",0.00782266,g++ test_prog/transpose.cpp -o a.out -Ofast,2025-11-19T19:46:51.684192Z,test_prog/transpose,0.00782266
test_prog/transpose.cpp,-Os,7,"[0.0110268, 0.00799359, 0.00728258, 0.00775217, 0.00748785, 0.00817781, 0.00876318]",0.00799359,g++ test_prog/transpose.cpp -o a.out -Os,2025-11-19T19:46:53.696812Z,test_prog/transpose,0.00799359
test_prog/transpose.cpp,-funroll-loops,7,"[0.0147766, 0.0324457, 0.0158023, 0.0155096, 0.0317432, 0.015327, 0.0197045]",0.0158023,g++ test_prog/transpose.cpp -o a.out -funroll-loops,2025-11-19T19:46:55.777328Z,test_prog/transpose,0.0158023
test_prog/transpose.cpp,-ftree-vectorize,7,"[0.0140956, 0.0255483, 0.0303159, 0.0313297, 0.0270048, 0.018858, 0.0335219]",0.0270048,g++ test_prog/transpose.cpp -o a.out -ftree-vectorize,2025-11-19T19:46:58.189996Z,test_prog/transpose,0.0270048
test_prog/transpose.cpp,-ffast-math,7,"[0.0155876, 0.0151476, 0.0155113, 0.016216, 0.0141998, 0.0159757, 0.0167285]",0.0155876,g++ test_prog/transpose.cpp -o a.out -ffast-math,2025-11-19T19:47:00.258909Z,test_prog/transpose,0.0155876
test_prog/transpose.cpp,-march=native,7,"[0.0127312, 0.0128012, 0.0141654, 0.013695, 0.0134619, 0.0138805, 0.0140384]",0.013695,g++ test_prog/transpose.cpp -o a.out -march=native,2025-11-19T19:47:02.264506Z,test_prog/transpose,0.013695
test_prog/transpose.cpp,-flto,7,"[0.0136953, 0.0149386, 0.014674, 0.013953, 0.0150052, 0.0152315, 0.0151245]",0.0149386,g++ test_prog/transpose.cpp -o a.out -flto,2025-11-19T19:47:04.475038Z,test_prog/transpose,0.0149386
test_prog/transpose.cpp,-fomit-frame-pointer,7,"[0.015388, 0.0172323, 0.0161194, 0.0161809, 0.017228, 0.0178116, 0.0151651]",0.0161809,g++ test_prog/transpose.cpp -o a.out -fomit-frame-pointer,2025-11-19T19:47:03.823489Z,test_prog/transpose,0.0161809
test_prog/transpose.cpp,-O1 -funroll-loops,7,"[0.00776268, 0.00689372, 0.00725908, 0.00783918, 0.00705105, 0.00813357, 0.00748535]",0.00748535,g++ test_prog/transpose.cpp -o a.out -O1 -funroll-loops,2025-11-19T19:47:05.863063Z,test_prog/transpose,0.00748535
test_prog/transpose.cpp,-O1 -ftree-vectorize,7,"[0.00898813, 0.00823146, 0.00755142, 0.0073359, 0.00739171, 0.00675793, 0.00705396]",0.00739171,g++ test_prog/transpose.cpp -o a.out -O1 -ftree-vectorize,2025-11-19T19:47:07.553080Z,test_prog/transpose,0.00739171
test_prog/transpose.cpp,-O1 -ffast-math,7,"[0.00905236, 0.00830885, 0.00665913, 0.00705191, 0.0077115, 0.00769067, 0.00744653]",0.00769067,g++ test_prog/transpose.cpp -o a.out -O1 -ffast-math,2025-11-19T19:47:09.653959Z,test_prog/transpose,0.00769067
test_prog/transpose.cpp,-O2 -funroll-loops,7,"[0.00901707, 0.00799344, 0.00752429, 0.00748302, 0.00712497, 0.0070086, 0.00709981]",0.00748302,g++ test_prog/transpose.cpp -o a.out -O2 -funroll-loops,2025-11-19T19:47:11.642833Z,test_prog/transpose,0.00748302
test_prog/transpose.cpp,-O2 -ftree-vectorize,7,"[0.00810486, 0.00867843, 0.00755823, 0.00714098, 0.00926284, 0.00777831, 0.00719504]",0.00777831,g++ test_prog/transpose.cpp -o a.out -O2 -ftree-vectorize,2025-11-19T19:47:13.784920Z,test_prog/transpose,0.00777831
test_prog/transpose.cpp,-O2 -ffast-math,7,"[0.0104548, 0.00718097, 0.00721546, 0.00775795, 0.00695838, 0.00686771, 0.00726402]",0.00721546,g++ test_prog/transpose.cpp -o a.out -O2 -ffast-math,2025-11-19T19:47:15.742014Z,test_prog/transpose,0.00721546
test_prog/transpose.cpp,-O3 -funroll-loops,7,"[0.00896177, 0.0070117, 0.00801455, 0.00702904, 0.00715443, 0.0068349, 0.00723652]",0.00715443,g++ test_prog/transpose.cpp -o a.out -O3 -funroll-loops,2025-11-19T19:47:17.659365Z,test_prog/transpose,0.00715443
test_prog/transpose.cpp,-O3 -ftree-vectorize,7,"[0.00844366, 0.00829389, 0.00777118, 0.00736258, 0.00826324, 0.00747999, 0.00731512]",0.00777118,g++ test_prog/transpose.cpp -o a.out -O3 -ftree-vectorize,2025-11-19T19:47:19.644639Z,test_prog/transpose,0.00777118
test_prog/transpose.cpp,-O3 -ffast-math,7,"[0.00970364, 0.00764529, 0.00747246, 0.00778705, 0.00716012, 0.00736558, 0.00775278]",0.00764529,g++ test_prog/transpose.cpp -o a.out -O3 -ffast-math,2025-11-19T19:47:21.741965Z,test_prog/transpose,0.00764529
test_prog/prefix_sum.cpp,-O1,7,"[0.00546647, 0.00565351, 0.00577229, 0.00517772, 0.00531673, 0.00754867, 0.00582862]",0.00565351,g++ test_prog/prefix_sum.cpp -o a.out -O1,2025-11-20T12:30:15.855114Z,test_prog/prefix_sum,0.00565351
test_prog/prefix_sum.cpp,-O2,7,"[0.00212563, 0.00202417, 0.00170935, 0.00182668, 0.00236069, 0.00263521, 0.00195975]",0.00202417,g++ test_prog/prefix_sum.cpp -o a.out -O2,2025-11-20T12:30:16.647488Z,test_prog/prefix_sum,0.00202417
test_prog/prefix_sum.cpp,-O3,7,"[0.00196901, 0.00188832, 0.00195657, 0.00208403, 0.00221557, 0.00237142, 0.00276516]",0.00208403,g++ test_prog/prefix_sum.cpp -o a.out -O3,2025-11-20T12:30:17.467337Z,test_prog/prefix_sum,0.00208403
test_prog/prefix_sum.cpp,-Ofast,7,"[0.0021738, 0.00299254, 0.00349476, 0.003403, 0.00222542, 0.0020321, 0.00214164]",0.00222542,g++ test_prog/prefix_sum.cpp -o a.out -Ofast,2025-11-20T12:30:18.193414Z,test_prog/prefix_sum,0.00222542
test_prog/prefix_sum.cpp,-Os,7,"[0.00532301, 0.00553183, 0.00544755, 0.00530803, 0.00634929, 0.00679911, 0.00711806]",0.00553183,g++ test_prog/prefix_sum.cpp -o a.out -Os,2025-11-20T12:30:18.985974Z,test_prog/prefix_sum,0.00553183
test_prog/prefix_sum.cpp,-funroll-loops,7,"[0.0096112, 0.0117584, 0.00913256, 0.0103925, 0.0116039, 0.00882549, 0.00947354]",0.0096112,g++ test_prog/prefix_sum.cpp -o a.out -funroll-loops,2025-11-20T12:30:19.749166Z,test_prog/prefix_sum,0.0096112
test_prog/prefix_sum.cpp,-ftree-vectorize,7,"[0.00989533, 0.0102226, 0.00943714, 0.0106263, 0.0137048, 0.0148696, 0.0114741]",0.0106263,g++ test_prog/prefix_sum.cpp -o a.out -ftree-vectorize,2025-11-20T12:30:20.529905Z,test_prog/prefix_sum,0.0106263
test_prog/prefix_sum.cpp,-ffast-math,7,"[0.0109585, 0.0110999, 0.0145771, 0.0102721, 0.0102673, 0.0263956, 0.0141571]",0.0110999,g++ test_prog/prefix_sum.cpp -o a.out -ffast-math,2025-11-20T12:30:21.413375Z,test_prog/prefix_sum,0.0110999
test_prog/prefix_sum.cpp,-march=native,7,"[0.00999983, 0.00948441, 0.00941445, 0.0123183, 0.0118653, 0.0099912, 0.0104496]",0.00999983,g++ test_prog/prefix_sum.cpp -o a.out -march=native,2025-11-20T12:30:22.195739Z,test_prog/prefix_sum,0.00999983
test_prog/prefix_sum.cpp,-flto,7,"[0.00817463, 0.00784401, 0.00797792, 0.0109932, 0.0149324, 0.00863489, 0.00763344]",0.00817463,g++ test_prog/prefix_sum.cpp -o a.out -flto,2025-11-20T12:30:23.045224Z,test_prog/prefix_sum,0.00817463
test_prog/prefix_sum.cpp,-fomit-frame-pointer,7,"[0.00823199, 0.00801471, 0.0112992, 0.00871205, 0.0103958, 0.00885446, 0.00848569]",0.00871205,g++ test_prog/prefix_sum.cpp -o a.out -fomit-frame-pointer,2025-11-20T12:30:23.844949Z,test_prog/prefix_sum,0.00871205
test_prog/prefix_sum.cpp,-O1 -funroll-loops,7,"[0.00600031, 0.00487804, 0.00587186, 0.0051627, 0.00498043, 0.00662887, 0.00622031]",0.00587186,g++ test_prog/prefix_sum.cpp -o a.out -O1 -funroll-loops,2025-11-20T12:30:24.618377Z,test_prog/prefix_sum,0.00587186
test_prog/prefix_sum.cpp,-O1 -ftree-vectorize,7,"[0.00186801, 0.00204415, 0.00208983, 0.00193906, 0.00275873, 0.00234724, 0.00455114]",0.00208983,g++ test_prog/prefix_sum.cpp -o a.out -O1 -ftree-vectorize,2025-11-20T12:30:25.517153Z,test_prog/prefix_sum,0.00208983
test_prog/prefix_sum.cpp,-O1 -ffast-math,7,"[0.00660817, 0.00523595, 0.00525242, 0.00611125, 0.00951908, 0.00538552, 0.00634452]",0.00611125,g++ test_prog/prefix_sum.cpp -o a.out -O1 -ffast-math,2025-11-20T12:30:26.284843Z,test_prog/prefix_sum,0.00611125
test_prog/prefix_sum.cpp,-O2 -funroll-loops,7,"[0.00250015, 0.00196855, 0.00282797, 0.00273025, 0.00344485, 0.00268255, 0.00274374]",0.00273025,g++ test_prog/prefix_sum.cpp -o a.out -O2 -funroll-loops,2025-11-20T12:30:27.009203Z,test_prog/prefix_sum,0.00273025
test_prog/prefix_sum.cpp,-O2 -ftree-vectorize,7,"[0.00263309, 0.0023654, 0.00221508, 0.00377598, 0.00328746, 0.00208007, 0.00503619]",0.00263309,g++ test_prog/prefix_sum.cpp -o a.out -O2 -ftree-vectorize,2025-11-20T12:30:27.728093Z,test_prog/prefix_sum,0.00263309
test_prog/prefix_sum.cpp,-O2 -ffast-math,7,"[0.0017494, 0.00266007, 0.00261116, 0.00208967, 0.0023129, 0.00224537, 0.00197264]",0.00224537,g++ test_prog/prefix_sum.cpp -o a.out -O2 -ffast-math,2025-11-20T12:30:28.520642Z,test_prog/prefix_sum,0.00224537
test_prog/prefix_sum.cpp,-O3 -funroll-loops,7,"[0.00204143, 0.00221505, 0.00234236, 0.0034736, 0.00196915, 0.00197382, 0.00221591]",0.00221505,g++ test_prog/prefix_sum.cpp -o a.out -O3 -funroll-loops,2025-11-20T12:30:29.259203Z,test_prog/prefix_sum,0.00221505
test_prog/prefix_sum.cpp,-O3 -ftree-vectorize,7,"[0.00194462, 0.00189503, 0.00219953, 0.00230212, 0.00164791, 0.00208357, 0.00188208]",0.00194462,g++ test_prog/prefix_sum.cpp -o a.out -O3 -ftree-vectorize,2025-11-20T12:30:29.970774Z,test_prog/prefix_sum,0.00194462
test_prog/prefix_sum.cpp,-O3 -ffast-math,7,"[0.00177297, 0.00204893, 0.00190308, 0.0024222, 0.00275903, 0.00211784, 0.00214633]",0.00211784,g++ test_prog/prefix_sum.cpp -o a.out -O3 -ffast-math,2025-11-20T12:30:30.647573Z,test_prog/prefix_sum,0.00211784
test_prog/fibbonacci_recursion.cpp,-O1,7,"[0.0464071, 0.045161, 0.0554971, 0.050489, 0.0467571, 0.0461185, 0.0458872]",0.0464071,g++ test_prog/fibbonacci_recursion.cpp -o a.out -O1,2025-11-20T12:39:30.896716Z,test_prog/fibbonacci_recursion,0.0464071
test_prog/fibbonacci_recursion.cpp,-O2,7,"[0.0216653, 0.0209528, 0.0312657, 0.0206986, 0.0271892, 0.0222466, 0.0199511]",0.0216653,g++ test_prog/fibbonacci_recursion.cpp -o a.out -O2,2025-11-20T12:39:31.641249Z,test_prog/fibbonacci_recursion,0.0216653
test_prog/fibbonacci_recursion.cpp,-O3,7,"[0.0247113, 0.0179712, 0.0199241, 0.0176093, 0.0205557, 0.0575651, 0.0586404]",0.0205557,g++ test_prog/fibbonacci_recursion.cpp -o a.out -O3,2025-11-20T12:39:32.523900Z,test_prog/fibbonacci_recursion,0.0205557
test_prog/fibbonacci_recursion.cpp,-Ofast,7,"[0.0198482, 0.0184676, 0.0185782, 0.0261325, 0.025921, 0.0253409, 0.0187025]",0.0198482,g++ test_prog/fibbonacci_recursion.cpp -o a.out -Ofast,2025-11-20T12:39:33.353503Z,test_prog/fibbonacci_recursion,0.0198482
test_prog/fibbonacci_recursion.cpp,-Os,7,"[0.0359121, 0.0358836, 0.0376269, 0.0393157, 0.0365042, 0.0365476, 0.0353934]",0.0365042,g++ test_prog/fibbonacci_recursion.cpp -o a.out -Os,2025-11-20T12:39:34.133866Z,test_prog/fibbonacci_recursion,0.0365042
test_prog/fibbonacci_recursion.cpp,-funroll-loops,7,"[0.0857651, 0.0850501, 0.0842343, 0.0916591, 0.0849471, 0.0855709, 0.0836842]",0.0850501,g++ test_prog/fibbonacci_recursion.cpp -o a.out -funroll-loops,2025-11-20T12:39:35.232762Z,test_prog/fibbonacci_recursion,0.0850501
test_prog/fibbonacci_recursion.cpp,-ftree-vectorize,7,"[0.0873731, 0.085259, 0.0839251, 0.0817478, 0.0841771, 0.0896035, 0.0872443]",0.085259,g++ test_prog/fibbonacci_recursion.cpp -o a.out -ftree-vectorize,2025-11-20T12:39:36.410998Z,test_prog/fibbonacci_recursion,0.085259
test_prog/fibbonacci_recursion.cpp,-ffast-math,7,"[0.0854738, 0.0832443, 0.0840585, 0.0832633, 0.085376, 0.0888863, 0.0834877]",0.0840585,g++ test_prog/fibbonacci_recursion.cpp -o a.out -ffast-math,2025-11-20T12:39:37.573808Z,test_prog/fibbonacci_recursion,0.0840585
test_prog/fibbonacci_recursion.cpp,-march=native,7,"[0.0861759, 0.0870391, 0.084402, 0.0846723, 0.0837346, 0.0828668, 0.0846929]",0.0846723,g++ test_prog/fibbonacci_recursion.cpp -o a.out -march=native,2025-11-20T12:39:38.677907Z,test_prog/fibbonacci_recursion,0.0846723
test_prog/fibbonacci_recursion.cpp,-flto,7,"[0.0887469, 0.0865643, 0.0831658, 0.0835945, 0.0879362, 0.0877571, 0.0836062]",0.0865643,g++ test_prog/fibbonacci_recursion.cpp -o a.out -flto,2025-11-20T12:39:40.033496Z,test_prog/fibbonacci_recursion,0.0865643
test_prog/fibbonacci_recursion.cpp,-fomit-frame-pointer,7,"[0.0591198, 0.0580139, 0.0601213, 0.0583805, 0.0562848, 0.058857, 0.0588785]",0.058857,g++ test_prog/fibbonacci_recursion.cpp -o a.out -fomit-frame-pointer,2025-11-20T12:39:40.979314Z,test_prog/fibbonacci_recursion,0.058857
test_prog/fibbonacci_recursion.cpp,-O1 -funroll-loops,7,"[0.0519737, 0.0496977, 0.0498464, 0.0516957, 0.0496741, 0.0509645, 0.0499809]",0.0499809,g++ test_prog/fibbonacci_recursion.cpp -o a.out -O1 -funroll-loops,2025-11-20T12:39:41.930738Z,test_prog/fibbonacci_recursion,0.0499809
test_prog/fibbonacci_recursion.cpp,-O1 -ftree-vectorize,7,"[0.0497769, 0.0532285, 0.0514667, 0.0511833, 0.0504676, 0.0513289, 0.0488729]",0.0511833,g++ test_prog/fibbonacci_recursion.cpp -o a.out -O1 -ftree-vectorize,2025-11-20T12:39:42.808329Z,test_prog/fibbonacci_recursion,0.0511833
test_prog/fibbonacci_recursion.cpp,-O1 -ffast-math,7,"[0.0627933, 0.0561619, 0.0539149, 0.0576633, 0.0637826, 0.0586269, 0.0564315]",0.0576633,g++ test_prog/fibbonacci_recursion.cpp -o a.out -O1 -ffast-math,2025-11-20T12:39:43.744235Z,test_prog/fibbonacci_recursion,0.0576633
test_prog/fibbonacci_recursion.cpp,-O2 -funroll-loops,7,"[0.0194765, 0.0178578, 0.0184751, 0.0199307, 0.0182087, 0.0217548, 0.0178703]",0.0184751,g++ test_prog/fibbonacci_recursion.cpp -o a.out -O2 -funroll-loops,2025-11-20T12:39:44.472552Z,test_prog/fibbonacci_recursion,0.0184751
test_prog/fibbonacci_recursion.cpp,-O2 -ftree-vectorize,7,"[0.020105, 0.0171408, 0.0193272, 0.0212436, 0.0187165, 0.0218555, 0.0198796]",0.0198796,g++ test_prog/fibbonacci_recursion.cpp -o a.out -O2 -ftree-vectorize,2025-11-20T12:39:45.173580Z,test_prog/fibbonacci_recursion,0.0198796
test_prog/fibbonacci_recursion.cpp,-O2 -ffast-math,7,"[0.020728, 0.0219047, 0.0215445, 0.0241603, 0.0222217, 0.0222423, 0.0231208]",0.0222217,g++ test_prog/fibbonacci_recursion.cpp -o a.out -O2 -ffast-math,2025-11-20T12:39:46.104421Z,test_prog/fibbonacci_recursion,0.0222217
test_prog/fibbonacci_recursion.cpp,-O3 -funroll-loops,7,"[0.0195778, 0.0201418, 0.0228281, 0.0220455, 0.0205677, 0.0355151, 0.0218524]",0.0218524,g++ test_prog/fibbonacci_recursion.cpp -o a.out -O3 -funroll-loops,2025-11-20T12:39:47.033938Z,test_prog/fibbonacci_recursion,0.0218524
test_prog/fibbonacci_recursion.cpp,-O3 -ftree-vectorize,7,"[0.0285101, 0.0247727, 0.0202431, 0.0215424, 0.0207522, 0.0252505, 0.022404]",0.022404,g++ test_prog/fibbonacci_recursion.cpp -o a.out -O3 -ftree-vectorize,2025-11-20T12:39:47.964001Z,test_prog/fibbonacci_recursion,0.022404
test_prog/fibbonacci_recursion.cpp,-O3 -ffast-math,7,"[0.0219176, 0.0244913, 0.0230782, 0.0199974, 0.0204958, 0.0252758, 0.0249017]",0.0230782,g++ test_prog/fibbonacci_recursion.cpp -o a.out -O3 -ffast-math,2025-11-20T12:39:48.860745Z,test_prog/fibbonacci_recursion,0.0230782
test_prog/binary_search.cpp,-O1,7,"[0.0244394, 0.0213179, 0.0217848, 0.0226249, 0.027051, 0.0233543, 0.025347]",0.0233543,g++ test_prog/binary_search.cpp -o a.out -O1,2025-11-20T12:53:47.176348Z,test_prog/binary_search,0.0233543
test_prog/binary_search.cpp,-O2,7,"[0.0236487, 0.0247855, 0.0244634, 0.0228999, 0.0270699, 0.0222995, 0.0220831]",0.0236487,g++ test_prog/binary_search.cpp -o a.out -O2,2025-11-20T12:53:48.407542Z,test_prog/binary_search,0.0236487
test_prog/binary_search.cpp,-O3,7,"[0.0255369, 0.0202132, 0.0195985, 0.0196199, 0.0212474, 0.0195564, 0.0194601]",0.0196199,g++ test_prog/binary_search.cpp -o a.out -O3,2025-11-20T12:53:49.547269Z,test_prog/binary_search,0.0196199
test_prog/binary_search.cpp,-Ofast,7,"[0.0222419, 0.0193633, 0.0240675, 0.0188532, 0.0190465, 0.019741, 0.0189921]",0.0193633,g++ test_prog/binary_search.cpp -o a.out -Ofast,2025-11-20T12:53:50.597251Z,test_prog/binary_search,0.0193633
test_prog/binary_search.cpp,-Os,7,"[0.0252967, 0.0226897, 0.0203994, 0.0210072, 0.0224098, 0.0214063, 0.021592]",0.021592,g++ test_prog/binary_search.cpp -o a.out -Os,2025-11-20T12:53:51.604104Z,test_prog/binary_search,0.021592
test_prog/binary_search.cpp,-funroll-loops,7,"[0.0658926, 0.0612751, 0.062711, 0.0704532, 0.0714993, 0.0546124, 0.0614615]",0.062711,g++ test_prog/binary_search.cpp -o a.out -funroll-loops,2025-11-20T12:53:52.942199Z,test_prog/binary_search,0.062711
test_prog/binary_search.cpp,-ftree-vectorize,7,"[0.0563482, 0.05414, 0.0553249, 0.0563496, 0.0567472, 0.0538678, 0.0664591]",0.0563482,g++ test_prog/binary_search.cpp -o a.out -ftree-vectorize,2025-11-20T12:53:54.241123Z,test_prog/binary_search,0.0563482
test_prog/binary_search.cpp,-ffast-math,7,"[0.0642183, 0.0545601, 0.0629794, 0.0605039, 0.0514056, 0.0600872, 0.0608268]",0.0605039,g++ test_prog/binary_search.cpp -o a.out -ffast-math,2025-11-20T12:53:55.584613Z,test_prog/binary_search,0.0605039
test_prog/binary_search.cpp,-march=native,7,"[0.0634908, 0.0579663, 0.0576651, 0.0581872, 0.0629053, 0.0564419, 0.0624884]",0.0581872,g++ test_prog/binary_search.cpp -o a.out -march=native,2025-11-20T12:53:56.937434Z,test_prog/binary_search,0.0581872
test_prog/binary_search.cpp,-flto,7,"[0.0611926, 0.0611972, 0.0581569, 0.0582246, 0.0580667, 0.0804993, 0.0618376]",0.0611926,g++ test_prog/binary_search.cpp -o a.out -flto,2025-11-20T12:53:58.454734Z,test_prog/binary_search,0.0611926
test_prog/binary_search.cpp,-fomit-frame-pointer,7,"[0.0533736, 0.0508253, 0.0551506, 0.049998, 0.0490045, 0.0529714, 0.0518547]",0.0518547,g++ test_prog/binary_search.cpp -o a.out -fomit-frame-pointer,2025-11-20T12:53:59.740824Z,test_prog/binary_search,0.0518547
test_prog/binary_search.cpp,-O1 -funroll-loops,7,"[0.0228043, 0.024165, 0.0242635, 0.0217481, 0.0210703, 0.02044, 0.0208707]",0.0217481,g++ test_prog/binary_search.cpp -o a.out -O1 -funroll-loops,2025-11-20T12:54:00.861730Z,test_prog/binary_search,0.0217481
test_prog/binary_search.cpp,-O1 -ftree-vectorize,7,"[0.0201027, 0.0191128, 0.0165462, 0.0193494, 0.0192517, 0.0204117, 0.0220927]",0.0193494,g++ test_prog/binary_search.cpp -o a.out -O1 -ftree-vectorize,2025-11-20T12:54:01.918272Z,test_prog/binary_search,0.0193494
test_prog/binary_search.cpp,-O1 -ffast-math,7,"[0.0220261, 0.0211376, 0.0209594, 0.0198228, 0.0215218, 0.0209363, 0.0217318]",0.0211376,g++ test_prog/binary_search.cpp -o a.out -O1 -ffast-math,2025-11-20T12:54:03.021088Z,test_prog/binary_search,0.0211376
test_prog/binary_search.cpp,-O2 -funroll-loops,7,"[0.0253814, 0.0210697, 0.0222801, 0.0202718, 0.0241524, 0.0195652, 0.0240039]",0.0222801,g++ test_prog/binary_search.cpp -o a.out -O2 -funroll-loops,2025-11-20T12:54:04.171976Z,test_prog/binary_search,0.0222801
test_prog/binary_search.cpp,-O2 -ftree-vectorize,7,"[0.0169774, 0.0170798, 0.0169375, 0.0152637, 0.0161863, 0.0173813, 0.0173045]",0.0169774,g++ test_prog/binary_search.cpp -o a.out -O2 -ftree-vectorize,2025-11-20T12:54:05.183751Z,test_prog/binary_search,0.0169774
test_prog/binary_search.cpp,-O2 -ffast-math,7,"[0.0148923, 0.0144209, 0.0153589, 0.0155757, 0.016162, 0.0166719, 0.0170873]",0.0155757,g++ test_prog/binary_search.cpp -o a.out -O2 -ffast-math,2025-11-20T12:54:06.072924Z,test_prog/binary_search,0.0155757
test_prog/binary_search.cpp,-O3 -funroll-loops,7,"[0.0232659, 0.0204767, 0.0201951, 0.0217943, 0.0251258, 0.0203586, 0.0202134]",0.0204767,g++ test_prog/binary_search.cpp -o a.out -O3 -funroll-loops,2025-11-20T12:54:07.078910Z,test_prog/binary_search,0.0204767
test_prog/binary_search.cpp,-O3 -ftree-vectorize,7,"[0.0200711, 0.0233264, 0.023836, 0.0220248, 0.0218016, 0.0210227, 0.0189768]",0.0218016,g++ test_prog/binary_search.cpp -o a.out -O3 -ftree-vectorize,2025-11-20T12:54:08.234970Z,test_prog/binary_search,0.0218016
test_prog/binary_search.cpp,-O3 -ffast-math,7,"[0.0227814, 0.0190547, 0.0208969, 0.0182853, 0.020172, 0.0185192, 0.018862]",0.0190547,g++ test_prog/binary_search.cpp -o a.out -O3 -ffast-math,2025-11-20T12:54:09.311246Z,test_prog/binary_search,0.0190547
test_prog/branch_classifier.cpp,-O1,7,"[0.0267771, 0.0285595, 0.0293511, 0.0273579, 0.0259601, 0.0263067, 0.0268494]",0.0268494,g++ test_prog/branch_classifier.cpp -o a.out -O1,2025-11-20T15:13:39.773100Z,test_prog/branch_classifier,0.0268494
test_prog/branch_classifier.cpp,-O2,7,"[0.0236721, 0.0247059, 0.0249682, 0.0228933, 0.0240164, 0.0260735, 0.024603]",0.024603,g++ test_prog/branch_classifier.cpp -o a.out -O2,2025-11-20T15:13:41.031322Z,test_prog/branch_classifier,0.024603
test_prog/branch_classifier.cpp,-O3,7,"[0.0247164, 0.0252642, 0.0258267, 0.0270006, 0.0238405, 0.0245642, 0.0258653]",0.0252642,g++ test_prog/branch_classifier.cpp -o a.out -O3,2025-11-20T15:13:42.229811Z,test_prog/branch_classifier,0.0252642
test_prog/branch_classifier.cpp,-Ofast,7,"[0.0248484, 0.0248727, 0.0244905, 0.0251911, 0.0263032, 0.0264908, 0.0291581]",0.0251911,g++ test_prog/branch_classifier.cpp -o a.out -Ofast,2025-11-20T15:13:43.326404Z,test_prog/branch_classifier,0.0251911
test_prog/branch_classifier.cpp,-Os,7,"[0.0297074, 0.0291465, 0.0293127, 0.0286615, 0.0282635, 0.0299021, 0.0352418]",0.0293127,g++ test_prog/branch_classifier.cpp -o a.out -Os,2025-11-20T15:13:44.623396Z,test_prog/branch_classifier,0.0293127
test_prog/branch_classifier.cpp,-funroll-loops,7,"[0.0366291, 0.0366493, 0.0359418, 0.0400225, 0.0375287, 0.0362785, 0.0358802]",0.0366291,g++ test_prog/branch_classifier.cpp -o a.out -funroll-loops,2025-11-20T15:13:46.108039Z,test_prog/branch_classifier,0.0366291
test_prog/branch_classifier.cpp,-ftree-vectorize,7,"[0.0353739, 0.0358957, 0.0484374, 0.0351301, 0.0362539, 0.0357696, 0.0364896]",0.0358957,g++ test_prog/branch_classifier.cpp -o a.out -ftree-vectorize,2025-11-20T15:13:47.682939Z,test_prog/branch_classifier,0.0358957
test_prog/branch_classifier.cpp,-ffast-math,7,"[0.0364364, 0.0365596, 0.035985, 0.0362137, 0.0361289, 0.0367686, 0.0364995]",0.0364364,g++ test_prog/branch_classifier.cpp -o a.out -ffast-math,2025-11-20T15:13:49.132528Z,test_prog/branch_classifier,0.0364364
test_prog/branch_classifier.cpp,-march=native,7,"[0.0367209, 0.0382835, 0.0378052, 0.0375195, 0.0367966, 0.0350252, 0.0368218]",0.0368218,g++ test_prog/branch_classifier.cpp -o a.out -march=native,2025-11-20T15:13:50.646620Z,test_prog/branch_classifier,0.0368218
test_prog/branch_classifier.cpp,-flto,7,"[0.0370993, 0.0372233, 0.0359683, 0.0386853, 0.0375453, 0.0357303, 0.0359339]",0.0370993,g++ test_prog/branch_classifier.cpp -o a.out -flto,2025-11-20T15:13:52.302461Z,test_prog/branch_classifier,0.0370993
test_prog/branch_classifier.cpp,-fomit-frame-pointer,7,"[0.0344939, 0.036407, 0.0367151, 0.0345727, 0.035314, 0.0376736, 0.0358774]",0.0358774,g++ test_prog/branch_classifier.cpp -o a.out -fomit-frame-pointer,2025-11-20T15:13:53.743656Z,test_prog/branch_classifier,0.0358774
test_prog/branch_classifier.cpp,-O1 -funroll-loops,7,"[0.0286636, 0.0273092, 0.0302023, 0.0267119, 0.0312434, 0.028731, 0.0292916]",0.028731,g++ test_prog/branch_classifier.cpp -o a.out -O1 -funroll-loops,2025-11-20T15:13:54.877430Z,test_prog/branch_classifier,0.028731
test_prog/branch_classifier.cpp,-O1 -ftree-vectorize,7,"[0.0278246, 0.0276522, 0.0308674, 0.0305206, 0.0277445, 0.0268385, 0.0284528]",0.0278246,g++ test_prog/branch_classifier.cpp -o a.out -O1 -ftree-vectorize,2025-11-20T15:13:56.114288Z,test_prog/branch_classifier,0.0278246
test_prog/branch_classifier.cpp,-O1 -ffast-math,7,"[0.0276167, 0.0265872, 0.0329276, 0.0282973, 0.0280262, 0.0258398, 0.0286831]",0.0280262,g++ test_prog/branch_classifier.cpp -o a.out -O1 -ffast-math,2025-11-20T15:13:57.254308Z,test_prog/branch_classifier,0.0280262
test_prog/branch_classifier.cpp,-O2 -funroll-loops,7,"[0.0262962, 0.0236158, 0.0252198, 0.0239928, 0.0245606, 0.0261501, 0.0307179]",0.0252198,g++ test_prog/branch_classifier.cpp -o a.out -O2 -funroll-loops,2025-11-20T15:13:58.604665Z,test_prog/branch_classifier,0.0252198
test_prog/branch_classifier.cpp,-O2 -ftree-vectorize,7,"[0.0254209, 0.0242902, 0.0240821, 0.0248614, 0.0251918, 0.0241843, 0.0273288]",0.0248614,g++ test_prog/branch_classifier.cpp -o a.out -O2 -ftree-vectorize,2025-11-20T15:13:59.742407Z,test_prog/branch_classifier,0.0248614
test_prog/branch_classifier.cpp,-O2 -ffast-math,7,"[0.024607, 0.0238656, 0.023917, 0.0235673, 0.0242955, 0.0238752, 0.023823]",0.0238752,g++ test_prog/branch_classifier.cpp -o a.out -O2 -ffast-math,2025-11-20T15:14:00.866100Z,test_prog/branch_classifier,0.0238752
test_prog/branch_classifier.cpp,-O3 -funroll-loops,7,"[0.0275754, 0.024871, 0.0251112, 0.0278644, 0.025049, 0.0249074, 0.0264151]",0.0251112,g++ test_prog/branch_classifier.cpp -o a.out -O3 -funroll-loops,2025-11-20T15:14:02.033303Z,test_prog/branch_classifier,0.0251112
test_prog/branch_classifier.cpp,-O3 -ftree-vectorize,7,"[0.0256896, 0.0248493, 0.0240262, 0.0270969, 0.0267076, 0.0256784, 0.0246155]",0.0256784,g++ test_prog/branch_classifier.cpp -o a.out -O3 -ftree-vectorize,2025-11-20T15:14:03.111061Z,test_prog/branch_classifier,0.0256784
test_prog/branch_classifier.cpp,-O3 -ffast-math,7,"[0.0255911, 0.0256716, 0.0235992, 0.0270177, 0.0249317, 0.0240192, 0.0238686]",0.0249317,g++ test_prog/branch_classifier.cpp -o a.out -O3 -ffast-math,2025-11-20T15:14:04.265338Z,test_prog/branch_classifier,0.0249317
